Time,Temperature,Pressure,Humidity
Time,Temperature,Pressure,Humidity
Time,Temperature,Pressure,Humidity
Time,Temperature,Pressure,Humidity
Time,Temperature,Pressure,Humidity
Time,Temperature,Pressure,Humidity
Time,Temperature,Pressure,Humidity
Time,Temperature,Pressure,Humidity
Time,Temperature,Pressure,Humidity
Time,Temperature,Pressure,Humidity
Time,Temperature,Pressure,Humidity
Time,Temperature,Pressure,Humidity
Time,Temperature,Pressure,Humidity
Time,Temperature,Pressure,Humidity
Time,Temperature,Pressure,Humidity
Time,Temperature,Pressure,Humidity
